City_ID,City,Cloudiness,Country,Date,Humidity,Lat,Lng,Max Temp,Wind Speed
0,bethel,0,US,1690593646,80,41.3712,-73.414,81.75,3.44
1,stanley,0,GB,1690593646,86,54.868,-1.6985,58.28,4.61
2,port-aux-francais,100,TF,1690593646,74,-49.35,70.2167,39.72,26.55
3,longyearbyen,75,SJ,1690593637,87,78.2186,15.6401,44.44,8.05
4,lihue,17,US,1690593646,67,21.9789,-159.3672,87.04,16.89
5,iqaluit,75,CA,1690593481,58,63.7506,-68.5145,53.33,2.3
6,nerchinsk,91,RU,1690593646,64,51.9833,116.5833,71.91,5.08
7,aripuana,78,BR,1690593646,39,-9.1667,-60.6333,77.65,2.53
8,upington,75,ZA,1690593647,66,-28.4478,21.2561,50.38,9.22
9,remire-montjoly,0,GF,1690593647,89,4.9167,-52.2667,78.84,2.3
10,san fernando de apure,100,ML,1690593647,68,13.3034,-4.8956,81.79,7.29
11,alofi,100,NU,1690593647,88,-19.0595,-169.9187,73.29,8.05
12,baoro,100,CF,1690593648,94,5.6667,15.9667,68.14,2.28
13,waitangi,100,NZ,1690593650,95,-43.9535,-176.5597,52.83,8.01
14,yellowknife,100,CA,1690593548,60,62.456,-114.3525,73.56,8.01
15,punta arenas,100,PH,1690593650,92,8.9897,125.34,76.39,4.03
16,bredasdorp,35,ZA,1690593650,91,-34.5322,20.0403,51.01,14.97
17,grytviken,29,GS,1690593650,88,-54.2811,-36.5092,29.77,10.18
18,sandnessjoen,100,NO,1690593650,91,66.0217,12.6316,57.72,5.37
19,gadzhiyevo,100,RU,1690593650,79,69.2551,33.3362,57.88,4.38
20,caudry,100,FR,1690593651,91,50.1249,3.4119,60.98,5.3
21,uturoa,13,PF,1690593651,77,-16.7333,-151.4333,79.86,9.75
22,papatowai,100,NZ,1690593651,66,-46.5619,169.4708,51.66,3.98
23,bubaque,100,GW,1690593651,82,11.2833,-15.8333,81.57,9.48
24,kruisfontein,100,ZA,1690593651,76,-34.0033,24.7314,51.89,2.84
25,puerto ayora,0,ES,1690593651,73,36.5939,-6.233,70.61,2.3
26,sitka,0,US,1690593651,60,57.0531,-135.33,69.69,13.8
27,adamstown,97,PN,1690593651,69,-25.066,-130.1015,66.87,23.71
28,hawaiian paradise park,100,PH,1690593652,85,10.8241,123.0075,80.37,17.25
29,seme,100,SN,1690593652,59,15.1942,-12.9448,89.62,13.78
30,tiksi,0,RU,1690593652,69,71.6872,128.8694,43.27,7.05
31,yuzhno-kurilsk,100,RU,1690593652,78,44.0306,145.8556,70.54,3.62
32,margaret river,100,US,1690593652,90,33.6862,-86.475,84.43,7.29
33,udachny,0,RU,1690593652,37,66.4167,112.4,71.46,5.46
34,ushuaia,0,AR,1690593653,57,-54.8,-68.3,47.86,14.97
35,flekkefjord,100,NO,1690593653,82,58.2971,6.6607,55.94,1.39
36,mugia,36,ES,1690593653,97,43.1041,-9.2179,68.92,5.19
37,howard springs,100,US,1690593653,91,39.2504,-76.933,77.88,13.73
38,bilibino,100,RU,1690593653,85,68.0546,166.4372,50.47,4.25
39,kapa'a,27,US,1690593653,76,22.0752,-159.319,87.78,8.01
40,eregli,0,TR,1690593654,38,37.5133,34.0467,64.51,0.63
41,mount pearl,100,GB,1690593654,92,53.6597,-1.8537,59.67,9.33
42,champerico,100,GT,1690593654,74,14.3,-91.9167,84.85,7.14
43,college,75,US,1690593467,53,64.8569,-147.8028,82.38,3.44
44,edinburgh of the seven seas,0,GB,1690593424,80,55.9521,-3.1965,60.28,8.05
45,badger,0,US,1690593654,51,64.8,-147.5333,82.31,3.44
46,new holland,100,LR,1690593654,98,6.6518,-10.5932,72.97,2.21
47,jamestown,20,US,1690593654,92,42.097,-79.2353,76.59,9.22
48,albany,83,US,1690593383,81,42.6001,-73.9662,79.92,2.86
49,puerto natales,0,ES,1690593423,73,36.5939,-6.233,70.61,2.3
50,keflavik,0,IS,1690593655,93,64.0049,-22.5624,50.43,9.22
51,pangoa,64,PE,1690593655,98,-12.1167,-73.0,67.24,2.48
52,utrik,100,MH,1690593655,80,11.2278,169.8474,83.14,20.83
53,kaoma,0,ZM,1690593655,50,-14.7833,24.8,54.57,4.23
54,lazaro cardenas,100,DO,1690593655,68,19.4558,-71.3261,80.01,12.55
55,lompoc,20,US,1690593655,76,34.6391,-120.4579,85.01,10.36
56,crucecita,0,AR,1690593656,61,-28.95,-58.9833,52.09,6.71
57,tindouf,0,DZ,1690593656,28,27.6711,-8.1474,86.45,11.5
58,wailua homesteads,24,US,1690593656,75,22.0492,-159.3352,87.8,8.01
59,palmer,40,US,1690593656,75,42.1584,-72.3287,80.15,5.75
60,tidjikja,99,MR,1690593656,40,18.5564,-11.4271,90.57,10.18
61,anadyr,20,RU,1690593656,72,64.75,177.4833,59.5,13.42
62,tolanaro,20,MG,1690593657,77,-25.0319,46.9987,64.47,4.61
63,invercargill,100,NZ,1690593657,73,-46.4,168.35,54.01,5.99
64,san luis de la loma,100,ML,1690593657,68,13.3034,-4.8956,81.79,7.29
65,tura,98,IN,1690593657,94,25.5198,90.2201,76.75,5.06
66,nuuk,75,GL,1690593657,66,64.1835,-51.7216,54.21,13.8
67,belyy yar,2,RU,1690593657,96,55.8402,32.9419,50.95,4.03
68,colonia,75,DE,1690593658,87,50.9333,6.95,67.87,4.61
69,khilok,30,RU,1690593658,58,51.3674,110.4676,71.89,2.35
70,coquimbo,100,CL,1690593448,100,-29.9533,-71.3436,55.13,3.44
71,cabo san lucas,18,BR,1690593658,87,-8.2833,-35.0333,76.93,5.26
72,maumere,35,ID,1690593658,70,-8.6199,122.2111,79.65,3.91
73,khandyga,13,RU,1690593658,35,62.6667,135.6,72.27,2.98
74,nemuro,100,JP,1690593658,88,43.3236,145.575,66.6,3.33
75,west island,0,US,1690593659,34,31.8024,-97.0917,94.75,9.22
76,guthrie,37,US,1690593659,28,35.8789,-97.4253,94.68,11.27
77,susuman,14,RU,1690593659,44,62.7833,148.1667,60.73,1.88
78,arba minch,91,IT,1690593659,75,46.1461,12.7925,69.73,3.24
79,avarua,100,CK,1690593659,78,-21.2078,-159.775,71.65,8.05
80,abyek,94,IR,1690593659,39,36.0667,50.55,78.4,0.87
81,port saint john's,0,CD,1690593660,45,-7.0349,29.7638,71.55,5.93
82,thompson,40,CA,1690593660,64,55.7435,-97.8558,68.16,8.05
83,bani suwayf,99,DO,1690593476,80,18.2833,-70.3333,83.86,8.55
84,anuradhapura,96,LK,1690593660,82,8.3565,80.4173,78.35,12.95
85,neijiang,95,CN,1690593660,91,29.5835,105.0622,77.59,1.12
86,callao,75,PE,1690593397,77,-12.0667,-77.15,68.72,11.5
87,nar'yan-mar,12,RU,1690593660,87,67.6713,53.087,55.27,2.13
88,tsiombe,0,MG,1690593660,89,-25.3,45.4833,60.71,4.05
89,loen,21,MH,1690593661,77,7.7601,168.2307,83.48,13.47
90,ilshofen,13,DE,1690593661,95,49.17,9.9189,61.3,6.44
91,wanning,100,CN,1690593661,67,18.8003,110.3967,88.2,8.68
92,darlowo,13,PL,1690593661,87,54.421,16.4107,59.79,7.02
93,urcos,36,PE,1690593661,78,-13.6861,-71.6228,53.49,6.49
94,bandon,13,IE,1690593661,95,51.7469,-8.7425,54.99,10.02
95,pacific grove,0,US,1690593661,69,38.482,-90.7415,95.18,6.29
96,modimolle,11,ZA,1690593662,37,-24.7,28.4,59.27,8.05
97,pizarro,74,CO,1690593373,85,4.9533,-77.366,80.73,5.66
98,north bend,100,FR,1690593662,92,50.3333,3.6667,62.44,5.39
99,kingston,20,JM,1690593574,73,17.997,-76.7936,85.15,12.66
100,oltinko'l,0,UZ,1690593662,29,40.8011,72.1634,81.93,6.33
101,saint-louis,100,SN,1690593662,59,16.3333,-15.0,85.91,13.69
102,pisco,100,PE,1690593662,82,-13.7,-76.2167,66.25,13.8
103,hermanus,100,ZA,1690593662,91,-34.4187,19.2345,50.81,34.65
104,east london,100,IS,1690593663,99,65.0,-15.0,44.35,6.38
105,rio grande,0,GR,1690593663,68,38.3,21.7833,73.78,3.44
106,beyneu,0,KZ,1690593663,28,45.3167,55.2,84.25,7.16
107,benjamin constant,0,US,1690593663,17,40.0983,-111.7313,99.3,5.75
108,antonio enes,20,US,1690593663,73,34.8353,-120.5699,84.27,10.36
109,isafjordur,100,IS,1690593663,94,66.0755,-23.124,44.85,6.8
110,sao vicente,100,IN,1690593663,89,20.5113,76.2129,71.13,9.6
111,arraial do cabo,46,BR,1690593664,69,-22.8362,-46.646,62.53,3.2
112,bhadra,5,IN,1690593664,74,29.1167,75.1667,84.15,4.68
113,port mathurin,0,CD,1690593420,45,-7.0349,29.7638,71.55,5.93
114,kodiak,100,US,1690593664,94,57.79,-152.4072,54.91,14.97
115,genhe,100,CN,1690593664,67,50.7833,121.5167,69.49,4.65
116,nouadhibou,11,MR,1690593664,83,20.931,-17.0347,69.67,25.3
117,whitehorse,20,CA,1690593395,32,60.7161,-135.0538,83.01,5.99
118,dudinka,58,RU,1690593665,63,69.4058,86.1778,72.72,11.83
119,mount gambier,100,GB,1690593665,92,53.6597,-1.8537,59.67,9.33
120,nogliki,100,RU,1690593665,99,51.8333,143.1667,53.22,9.51
121,ust'-barguzin,14,RU,1690593665,80,53.45,108.9833,64.36,1.88
122,zelenogorskiy,100,RU,1690593665,97,55.0333,87.0,61.09,4.32
123,idri,1,LY,1690593665,30,27.5,13.2667,85.35,9.6
124,ugento,0,IT,1690593665,82,39.9263,18.1574,75.27,2.28
125,afaahiti,64,PF,1690593666,86,-17.75,-149.2833,73.27,18.77
126,fort st. john,100,NL,1690593666,100,52.6517,6.3861,64.13,8.72
127,iskateley,11,RU,1690593666,87,67.6803,53.1512,55.11,1.97
128,kavieng,10,PG,1690593666,72,-2.5744,150.7967,83.77,6.73
129,mayya,0,RU,1690593666,42,61.7333,130.2811,72.72,3.98
130,fort bragg,100,NL,1690593666,100,52.6517,6.3861,64.13,8.72
131,port lincoln,0,CD,1690593660,45,-7.0349,29.7638,71.55,5.93
132,geraldton,100,AU,1690593560,82,-28.7667,114.6,57.61,8.05
133,mammoth lakes,98,US,1690593666,18,32.7226,-110.6406,106.14,1.01
134,balikpapan,75,ID,1690593667,83,-1.2675,116.8289,81.59,10.36
135,laguna,0,US,1690593667,26,38.421,-121.4238,99.32,11.5
136,igrim,0,RU,1690593667,77,63.1906,64.4162,61.99,7.45
137,puerto san carlos,0,ES,1690593651,73,36.5939,-6.233,70.61,2.3
138,ouarzazat,5,MA,1690593667,11,30.9189,-6.8934,84.49,5.75
139,i-n-salah,0,DZ,1690593667,8,27.1935,2.4607,96.28,5.21
140,malango,57,ID,1690593667,68,-2.9627,119.9001,74.61,2.28
141,paita,19,PE,1690593667,81,-5.0892,-81.1144,71.92,17.83
142,minas de marcona,6,UY,1690593668,92,-34.3759,-55.2377,40.05,4.41
143,wenling,100,CN,1690593668,91,28.3669,121.36,80.64,18.23
144,olonkinbyen,100,SJ,1690593668,82,70.9221,-8.7187,42.78,8.52
145,cidreira,89,BR,1690593668,66,-30.1811,-50.2056,54.63,10.58
146,huanuco,100,PE,1690593668,89,-9.9329,-76.2415,61.72,4.38
147,dwarka,100,IN,1690593456,82,22.2394,68.9678,81.48,22.59
148,chonchi,100,CL,1690593669,93,-42.6128,-73.8092,54.61,13.15
149,shrewsbury,100,GB,1690593669,81,52.7101,-2.7521,59.04,8.05
150,uvalde,0,US,1690593669,25,29.3669,-99.767,95.99,10.36
151,burang,99,CN,1690593669,91,30.25,81.1667,49.73,5.06
152,isangel,100,VU,1690593669,57,-19.55,169.2667,70.47,13.38
153,kralendijk,20,BQ,1690593669,89,12.15,-68.2667,82.38,16.11
154,usogorsk,100,RU,1690593670,86,63.4106,48.6872,61.68,7.0
155,izluchinsk,85,RU,1690593670,78,60.9794,76.9242,64.42,3.98
156,wai,100,IN,1690593670,96,17.9333,73.9,69.89,5.84
157,villa union,4,IT,1690593670,86,46.2039,10.1339,68.43,2.1
158,villa dolores,4,IT,1690593670,86,46.2039,10.1339,68.43,2.1
159,dazhong,100,CN,1690593670,92,33.1997,120.4578,79.54,19.66
160,tabou,100,CI,1690593671,89,4.423,-7.3528,76.21,9.84
161,codrington,85,AU,1690593672,88,-38.2667,141.9667,54.12,13.89
162,port elizabeth,0,CD,1690593672,45,-7.0349,29.7638,71.55,5.93
163,zhezqazghan,0,KZ,1690593672,40,47.7833,67.7667,68.58,0.0
164,oxapampa,89,PE,1690593672,95,-10.5775,-75.4017,58.93,1.99
165,nikolayevsk-on-amure,100,RU,1690593672,95,53.1406,140.73,63.27,3.15
166,esperanza,100,DO,1690593673,82,19.5847,-70.9849,81.09,5.99
167,qaqortoq,99,GL,1690593673,76,60.7167,-46.0333,45.48,4.05
168,ilheus,75,BR,1690593673,83,-14.7889,-39.0494,73.22,2.3
169,tallinn,40,EE,1690593666,94,59.437,24.7535,57.54,8.05
170,jinghong,98,CN,1690593673,97,21.991,100.7341,76.26,0.92
171,akureyri,75,IS,1690593673,81,65.6835,-18.0878,49.93,4.61
172,anderstorp,6,SE,1690593673,92,58.8833,14.2833,52.84,7.0
173,tulagi,100,SB,1690593674,91,-9.0996,160.1476,75.7,6.96
174,vohenstrauss,86,DE,1690593674,91,49.6238,12.3381,62.56,4.41
175,ulsteinvik,1,NO,1690593674,92,62.3432,5.8487,58.91,3.0
176,tazacorte,0,ES,1690593674,83,28.629,-17.9293,72.57,14.97
177,ghadamis,0,LY,1690593674,19,30.1337,9.5007,94.62,12.35
178,portland,20,US,1690593403,43,45.5234,-122.6762,84.52,5.99
179,boca chica,100,IT,1690593674,88,45.679,8.4087,66.02,4.36
180,bokovskaya,100,RU,1690593675,89,49.229,41.8306,63.97,9.51
181,mar del plata,0,ES,1690593675,90,43.4002,-4.0094,71.02,1.01
182,beira,0,MZ,1690593673,94,-19.8436,34.8389,64.49,5.57
183,corn island,8,FR,1690593675,85,44.6075,1.8957,69.01,1.99
184,hakha,98,MM,1690593675,88,22.65,93.6167,64.71,2.06
185,tugulym,21,RU,1690593675,92,57.0591,64.6425,62.67,8.88
186,gagliano del capo,0,IT,1690593675,32,38.9225,16.5589,74.64,7.61
187,mahdishahr,26,IR,1690593676,33,35.7108,53.3556,74.48,8.99
188,san martin,100,ML,1690593647,68,13.3034,-4.8956,81.79,7.29
189,lascano,50,UY,1690593676,84,-33.6667,-54.2,45.25,6.29
190,mullovka,15,RU,1690593676,71,54.2,49.4,69.62,6.2
191,greenville,0,US,1690593676,88,35.6127,-77.3663,84.24,10.36
192,buguruslan,12,RU,1690593676,74,53.6554,52.442,71.1,5.03
193,sinop,7,TR,1690593676,87,41.7711,34.8709,57.56,5.84
194,ilulissat,75,GL,1690593677,93,69.2167,-51.1,42.82,6.91
195,funadhoo,12,MV,1690593677,76,6.15,73.2667,82.71,10.78
196,yanchep,100,AU,1690593677,80,-31.55,115.6833,63.61,12.39
197,meadow lakes,84,US,1690593677,42,45.5291,-102.2163,76.62,8.72
198,saipan,40,MP,1690593677,100,15.1355,145.701,88.5,8.05
199,ust-nera,20,RU,1690593677,36,64.5667,143.2,64.83,3.96
200,kuanda,90,RU,1690593678,65,56.3161,116.0806,73.9,1.52
201,new norfolk,100,LR,1690593630,98,6.6518,-10.5932,72.97,2.21
202,ribeira grande,75,ES,1690593678,96,42.7461,-8.4439,68.25,5.75
203,enewetak,100,MH,1690593678,81,11.3474,162.3373,83.82,18.52
204,sisimiut,98,GL,1690593678,86,66.9395,-53.6735,42.75,1.99
205,yulinshi,95,CN,1690593678,56,38.2906,109.7494,75.36,6.29
206,cabinda,40,AO,1690593678,88,-5.55,12.2,71.74,4.61
207,freetown,75,SL,1690593679,100,8.484,-13.2299,74.91,4.61
208,solwezi,0,ZM,1690593679,46,-12.1688,26.3894,57.11,2.95
209,vozhega,100,RU,1690593679,98,60.4725,40.2213,57.52,4.72
210,huarmey,37,PE,1690593679,83,-10.0681,-78.1522,69.24,10.02
211,baiyin,0,CN,1690593679,65,36.5583,104.2081,68.61,1.81
212,lido di ostia,56,ID,1690593679,68,-8.6294,118.7341,78.08,5.93
213,savanna-la-mar,17,JM,1690593680,88,18.219,-78.1332,84.15,5.06
214,sahy,100,SK,1690593680,81,48.0741,18.9495,64.33,2.75
215,nova sintra,79,BR,1690593680,48,-5.5279,-46.7049,76.03,1.36
216,port blair,0,CD,1690593680,45,-7.0349,29.7638,71.55,5.93
217,inhambane,0,MZ,1690593680,79,-23.865,35.3833,64.72,6.82
218,chui,29,UY,1690593680,83,-33.6971,-53.4616,45.55,5.01
219,grants,40,US,1690593680,21,35.1473,-107.8514,82.63,14.97
220,xining,0,CN,1690593681,54,36.6167,101.7667,63.46,1.48
221,gia nghia,2,ES,1690593681,61,42.5208,0.4656,60.1,3.89
222,bannu,68,PK,1690593681,56,32.9854,70.6027,89.73,5.77
223,petropavlovsk-kamchatsky,20,RU,1690593681,73,53.0452,158.6483,68.59,8.95
224,mpika,0,ZM,1690593681,75,-11.8343,31.4529,53.51,4.85
225,touros,15,BR,1690593681,82,-5.1989,-35.4608,75.47,13.22
226,polyarnyy,100,RU,1690593681,78,69.1989,33.4478,58.33,3.44
227,bayan,96,CN,1690593682,83,46.0833,127.4,78.6,14.88
228,sept-iles,100,CA,1690593682,95,50.2001,-66.3821,61.32,5.99
229,greenland,20,US,1690593620,84,43.0362,-70.8328,82.74,4.61
230,guelmim,24,MA,1690593682,88,28.987,-10.0574,65.55,4.56
231,zagora,5,MA,1690593682,11,30.3484,-5.8365,93.33,5.59
232,port alfred,0,CD,1690593420,45,-7.0349,29.7638,71.55,5.93
233,georgetown,40,MY,1690593485,86,5.4112,100.3354,84.13,2.3
234,youghal,5,IE,1690593620,100,51.95,-7.8506,55.54,13.22
235,bamboo flat,14,JM,1690593682,82,18.3922,-77.2643,74.75,8.34
236,melekeok village,100,PW,1690593683,79,7.5004,134.6236,84.04,9.22
237,macapa,20,BR,1690593683,100,0.0389,-51.0664,78.78,3.44
238,glace bay,3,US,1690593683,74,37.6771,-80.3434,66.4,3.8
239,las juntas,100,PL,1690593683,95,49.7393,19.4295,62.28,5.82
240,dolyna,32,UA,1690593684,78,48.9733,24.0094,58.06,8.03
241,bijie,100,CN,1690593684,92,27.3125,105.2942,66.79,2.06
242,baoding,100,CN,1690593684,69,38.8511,115.4903,83.91,9.42
243,laojunmiao,6,CN,1690593684,26,39.8333,97.7333,77.68,10.78
244,hithadhoo,100,MV,1690593678,75,-0.6,73.0833,81.23,6.22
245,lalpur,86,IN,1690593684,85,22.2,69.9667,79.29,16.35
246,mossel bay,100,NL,1690593684,93,52.1104,6.367,66.09,7.23
247,veraval,98,IN,1690593685,86,20.9,70.3667,80.46,20.22
248,kone,85,NC,1690593685,45,-21.0595,164.8658,74.21,7.14
249,fisterra,20,ES,1690593685,97,42.9049,-9.2629,68.76,6.87
250,manokwari,100,ID,1690593685,72,-0.8667,134.0833,82.6,1.59
251,ghat,5,LY,1690593685,13,24.9647,10.1728,89.47,2.55
252,likhovskoy,98,RU,1690593685,88,48.1519,40.1792,61.9,16.02
253,cockburn town,0,AU,1690593430,40,-32.0833,141.0,64.22,3.78
254,haiku-pauwela,20,US,1690593685,61,20.9219,-156.3051,84.22,26.46
255,saryozek,0,KZ,1690593686,33,44.3583,77.9753,70.36,2.57
256,lata,55,PT,1690593686,99,40.1629,-8.3327,63.23,1.74
257,guerrero negro,86,MX,1690593686,89,17.6667,-100.0,71.35,1.83
258,arteche,100,PH,1690593686,76,12.2645,125.4048,82.92,10.67
259,lebu,100,CL,1690593686,86,-37.6167,-73.65,53.82,5.39
260,constantia,2,RO,1690593686,69,44.1833,28.65,61.7,11.12
261,kristiansund,100,NO,1690593686,88,63.1115,7.732,57.85,2.3
262,klaksvik,100,FO,1690593687,98,62.2266,-6.589,56.32,16.49
263,karratha,35,AU,1690593687,33,-20.7377,116.8463,71.82,13.65
264,arkalyk,26,KZ,1690593687,46,50.2486,66.9114,75.13,7.25
265,ulanhot,0,CN,1690593687,59,46.0833,122.0833,78.13,10.71
266,aykhal,10,RU,1690593687,33,66.0,111.5,71.67,5.39
267,kulia village,68,BD,1690593687,89,25.0209,89.8056,81.01,10.69
268,hasaki,5,JP,1690593687,74,35.7333,140.8333,93.29,12.35
269,vilyuchinsk,90,RU,1690593688,82,52.9306,158.4028,70.07,5.82
270,abidjan,40,CI,1690593688,100,5.3094,-4.0197,76.96,3.44
271,kalemie,90,CD,1690593688,62,-5.9475,29.1947,69.49,2.35
272,vernon,35,CA,1690593118,27,50.2581,-119.2691,91.29,4.0
273,bartica,86,GY,1690593688,98,6.4,-58.6167,80.92,2.53
274,shenkursk,25,RU,1690593688,98,62.1091,42.896,60.98,3.78
275,puerto deseado,0,ES,1690593688,73,36.5939,-6.233,70.61,2.3
276,hadibu,100,YE,1690593689,79,12.65,54.0333,78.12,30.89
277,talnakh,64,RU,1690593689,57,69.4865,88.3972,74.79,8.84
278,novodvinsk,100,RU,1690593689,95,64.4165,40.8122,61.38,9.69
279,shiyan,96,CN,1690593689,82,32.6475,110.7781,79.72,3.71
280,bonthe,100,SL,1690593689,91,7.5264,-12.505,76.6,10.29
281,fatehpur,99,IN,1690593689,72,25.9333,80.8,85.55,3.69
282,asbury,100,US,1690593690,88,42.5144,-90.7515,73.9,24.16
283,hamilton,0,US,1690593435,79,39.1834,-84.5333,87.78,4.61
284,bhinmal,100,IN,1690593690,83,25.0,72.25,80.11,13.73
285,richards bay,0,US,1690593690,50,46.8361,-95.9123,75.24,11.5
286,saint-philippe,35,RE,1690593691,68,-21.3585,55.7679,63.99,6.73
287,chickasha,0,US,1690593691,43,35.0526,-97.9364,94.35,6.91
288,midoun,0,TN,1690593691,76,33.8081,10.9923,82.26,14.58
289,pandan,98,PH,1690593692,72,14.0453,124.1694,84.76,9.15
290,vrangel',100,RU,1690593692,82,42.7297,133.0839,73.78,7.78
291,san juan del sur,100,ML,1690593692,68,13.3034,-4.8956,81.79,7.29
292,phan thiet,100,TH,1690593693,95,19.5539,99.7405,77.25,2.82
293,klyuchi,33,RU,1690593693,57,52.2667,79.1667,70.11,3.47
294,oranjemund,100,NA,1690593693,88,-28.55,16.4333,52.47,9.13
295,bichura,15,RU,1690593693,49,50.5881,107.6022,75.58,1.03
296,hammerfest,100,NO,1690593693,93,70.6634,23.6821,48.65,6.91
297,norrtalje,70,SE,1690593693,95,59.758,18.705,60.84,5.91
298,antofagasta,38,CL,1690593453,81,-23.65,-70.4,63.68,3.58
299,puerto carreno,0,ES,1690593423,73,36.5939,-6.233,70.61,2.3
300,pariaman,100,ID,1690593637,81,-0.619,100.12,82.45,2.17
301,abalak,100,RU,1690593694,96,58.1286,68.5944,61.47,9.19
302,bay harbor,26,US,1690593694,84,43.7334,-84.0166,82.45,13.0
303,weno,32,FM,1690593695,78,7.4515,151.8468,83.64,14.32
304,vadso,100,NO,1690593695,100,70.0744,29.7487,50.88,0.0
305,harstad,91,NO,1690593696,100,68.799,16.5293,52.99,10.0
306,bima,10,ID,1690593696,65,-8.4667,118.7167,80.24,5.77
307,tobi village,100,NG,1690593696,63,13.2864,4.8824,84.54,10.02
308,sault ste. marie,99,FR,1690593696,76,44.091,5.4089,59.92,2.53
309,portage la prairie,12,US,1690593696,84,41.1667,-81.1998,78.66,5.66
310,steinbach,40,DE,1690593697,93,50.1667,8.5667,65.61,4.61
311,aasiaat,53,GL,1690593697,94,68.7098,-52.8699,36.59,8.16
312,susangerd,0,IR,1690593697,14,31.5608,48.1831,94.15,9.69
313,trebic,0,CZ,1690593697,86,49.2149,15.8817,65.01,4.61
314,tual,100,ID,1690593697,85,-5.6667,132.75,79.0,22.77
315,hailar,22,CN,1690593697,66,49.2,119.7,71.17,10.89
316,taltal,17,CL,1690593697,78,-25.4,-70.4833,61.93,6.06
317,coronel du graty,100,CL,1690593698,85,-37.0167,-73.1333,51.82,2.55
318,riyadh,96,SA,1690593433,14,24.6877,46.7219,86.14,3.8
319,cairns city,75,AU,1690593689,69,-16.9167,145.7667,76.95,11.5
320,wynyard,100,AU,1690593698,92,-41.0,145.7167,54.32,14.27
321,bardai,100,NG,1690593698,86,11.65,7.2333,72.12,8.55
322,grand baie,14,US,1690593698,8,38.8755,-109.5012,99.59,7.81
323,thurso,100,GB,1690593698,87,58.5927,-3.5259,55.85,3.74
324,gomez farias,100,PA,1690593699,93,8.5667,-82.7333,77.94,2.13
325,sinabang,100,ID,1690593699,78,2.4803,96.3801,80.65,1.39
326,bom jesus,37,ML,1690593699,48,14.9539,-2.9272,87.93,9.46
327,nueva guinea,100,EC,1690593699,68,-1.7167,-79.8333,80.58,6.76
328,aoulef,3,DZ,1690593699,8,26.9667,1.0833,98.1,8.25
329,luderitz,100,NA,1690593699,85,-26.6481,15.1594,54.48,10.42
330,selkirk,65,CA,1690593699,64,50.1436,-96.8845,64.54,7.29
331,furmanov,100,RU,1690593700,99,57.2508,41.1058,62.47,6.15
332,wanxian,47,CN,1690593700,86,30.8039,108.3897,82.29,1.19
333,caleta de carquin,75,DO,1690593700,83,18.403,-69.0012,83.08,0.0
334,kusadasi,0,TR,1690593701,53,37.8556,27.2566,76.77,5.57
335,ballito,0,ZA,1690593701,88,-29.539,31.2144,57.34,3.44
336,moyynkum,0,KZ,1690593620,33,44.2914,72.9469,76.64,12.5
337,ulladulla,0,AU,1690593701,52,-35.35,150.4667,67.78,6.62
338,pimentel,0,PE,1690593701,83,-6.8367,-79.9342,71.89,17.27
339,prado,100,BR,1690593701,84,-17.3411,-39.2208,69.24,1.07
340,pionerskoye,81,RU,1690593702,76,56.2817,44.4025,65.98,4.65
341,ust-tsilma,100,RU,1690593703,85,65.441,52.1498,59.5,4.09
342,tuy hoa,100,PH,1690593703,86,14.0183,120.7296,80.83,7.96
343,nguigmi,6,NE,1690593703,51,14.2495,13.1092,86.34,10.04
344,vallenar,62,CL,1690593427,56,-28.5708,-70.7581,65.5,3.47
345,murakami,0,JP,1690593703,52,38.2333,139.4833,85.89,3.11
346,mukalla,100,YE,1690593703,69,14.5425,49.1242,83.8,2.51
347,bilajer,20,AZ,1690593704,73,40.5681,50.0378,78.62,41.43
348,namibe,0,AO,1690593704,85,-15.1961,12.1522,57.88,11.59
349,ghanzi,93,BW,1690593704,34,-21.5667,21.7833,61.39,12.66
350,taoudenni,4,ML,1690593499,7,22.6783,-3.9836,101.8,11.25
351,katsuura,8,JP,1690593704,72,35.1333,140.3,83.35,9.64
352,san patricio,100,ML,1690593657,68,13.3034,-4.8956,81.79,7.29
353,james city,0,US,1690593705,13,39.6532,-121.5497,94.01,11.5
354,christchurch,100,NZ,1690593622,75,-43.5333,172.6333,54.41,8.05
355,polonnaruwa,55,LK,1690593705,67,7.9333,81.0,80.83,13.18
356,nova vicosa,79,BR,1690593680,48,-5.5279,-46.7049,76.03,1.36
357,asosa,100,ET,1690593705,91,10.0667,34.5333,60.91,3.71
358,saint-francois,0,FR,1690593705,88,46.4154,3.9054,63.84,1.14
359,playa vicente,40,CU,1690593707,69,23.0929,-82.4543,84.67,4.61
360,dunedin,100,NZ,1690593240,61,-45.8742,170.5036,49.8,1.99
361,nizhneudinsk,31,RU,1690593707,73,54.9076,99.0276,68.22,5.64
362,homer,100,US,1690593476,77,59.6425,-151.5483,62.49,4.61
363,taiynsha,32,KZ,1690593708,83,53.8478,69.7639,68.95,9.51
364,revda,20,RU,1690593708,95,56.801,59.9303,57.25,2.82
365,yasnyy,0,RU,1690593709,69,51.0333,59.8742,68.25,8.63
366,new plymouth,100,LR,1690593709,98,6.6518,-10.5932,72.97,2.21
367,ves'yegonsk,100,RU,1690593709,97,58.664,37.2604,52.41,2.24
368,barinitas,100,VE,1690593709,97,8.7622,-70.4111,71.04,3.89
369,eastham,0,US,1690593709,75,41.8301,-69.9739,77.99,5.01
370,zaozersk,100,RU,1690593709,83,69.4005,32.4476,56.59,5.46
371,polewali,76,ID,1690593709,66,-3.4324,119.3435,81.34,2.1
372,mazagao,48,BR,1690593710,93,-0.115,-51.2894,78.85,5.03
373,progreso,33,MX,1690593441,84,21.2833,-89.6667,84.31,13.78
374,carnarvon,0,AU,1690593710,68,-24.8667,113.6333,60.73,14.76
375,minas novas,6,UY,1690593710,92,-34.3759,-55.2377,40.05,4.41
376,sitia,0,GR,1690593710,61,35.2,26.0986,80.98,16.15
377,poronaysk,100,RU,1690593710,94,49.2167,143.1167,59.41,6.58
378,kill devil hills,7,IE,1690593710,92,52.1761,-7.335,57.72,13.35
379,porto novo,100,PT,1690593711,94,41.1496,-8.611,70.29,7.0
380,guaira,100,BR,1690593711,40,-20.3183,-48.3106,73.47,3.69
381,soio,56,AO,1690593711,87,-6.1349,12.3689,68.65,6.76
382,saint-pierre,0,RE,1690593711,52,-21.3393,55.4781,64.08,12.66
383,salahonda,100,CO,1690593712,87,2.1019,-78.7217,80.44,9.78
384,jiuquan,5,CN,1690593712,31,39.7432,98.5174,80.76,7.67
385,vorgashor,13,RU,1690593712,81,67.5833,63.95,51.37,7.94
386,nola,0,IT,1690593466,68,40.922,14.5329,76.86,0.49
387,ribeira brava,75,ES,1690593712,96,42.7461,-8.4439,68.25,5.75
388,nurota,0,UZ,1690593713,32,40.5614,65.6886,79.05,8.37
389,cernavoda,4,RO,1690593714,52,44.3667,28.0167,62.04,4.63
390,kalabo,0,ZM,1690593714,36,-14.97,22.6814,59.18,3.56
391,beau vallon,69,FR,1690593714,95,44.8958,-0.1777,69.91,2.21
392,tazovsky,100,RU,1690593714,85,67.4667,78.7,61.34,6.31
393,ujae,86,MH,1690593714,80,8.9322,165.7642,82.98,17.2
394,celestun,31,MX,1690593714,82,20.8667,-90.4,81.52,15.21
395,deder,100,ET,1690593714,88,9.3167,41.45,56.03,8.08
396,allapalli,100,IN,1690593715,94,19.4167,80.0667,76.39,4.68
397,kamyshevatskaya,4,RU,1690593715,69,46.4132,37.9563,69.82,26.15
398,barra dos coqueiros,57,BR,1690593715,64,-11.0894,-43.1417,75.96,6.62
399,yuxia,99,CN,1690593715,94,34.0615,108.6291,75.81,2.64
400,acarau,4,BR,1690593689,85,-2.8856,-40.12,78.84,17.0
401,reggane,3,DZ,1690593715,8,26.7158,0.1714,100.02,3.98
402,tamanrasset,0,DZ,1690593715,10,22.785,5.5228,76.91,4.61
403,pyhajarvi,100,FI,1690593716,88,67.0701,27.2176,55.38,7.52
404,zag,100,MN,1690593716,37,46.9441,99.165,68.23,2.71
405,crane,0,US,1690593716,24,31.3974,-102.3501,94.12,15.28
406,awjilah,0,LY,1690593717,44,29.1081,21.2869,80.71,13.24
407,tinajo,75,ES,1690593717,68,29.0788,-13.7081,72.48,11.5
408,naze,100,JP,1690593717,84,28.3667,129.4833,83.32,12.66
409,visakhapatnam,75,IN,1690593718,89,17.69,83.2093,82.29,3.44
410,villa tecolutilla,4,IT,1690593670,86,46.2039,10.1339,68.43,2.1
411,murzuq,82,LY,1690593718,23,25.9155,13.9184,87.93,12.91
412,sittwe,86,MM,1690593718,85,20.15,92.9,82.76,10.07
413,kendari,95,ID,1690593718,74,-3.945,122.4989,80.38,2.24
414,puerto colombia,0,ES,1690593718,73,36.5939,-6.233,70.61,2.3
415,lorengau,93,PG,1690593718,69,-2.0226,147.2712,85.01,7.14
416,aytos,0,BG,1690593718,83,42.7,27.25,62.02,1.39
417,turpan,100,CN,1690593719,21,42.9333,89.1667,97.11,4.47
418,usinsk,12,RU,1690593719,72,65.9939,57.5281,58.62,3.83
419,mahabad,0,IR,1690593719,24,36.7631,45.7222,72.79,1.05
420,soto la marina,94,AR,1690593719,64,-32.8107,-61.4026,53.04,7.52
421,winnemucca,0,US,1690593719,8,40.973,-117.7357,93.25,12.66
422,lambarene,87,GA,1690593719,84,-0.7001,10.2406,72.0,5.28
423,puerto lempira,0,ES,1690593651,73,36.5939,-6.233,70.61,2.3
424,ketchikan,0,US,1690593654,56,55.3422,-131.6461,73.87,8.05
425,halifax,1,CA,1690593486,89,44.6453,-63.5724,71.49,2.3
426,sao gabriel da cachoeira,100,IN,1690593720,89,20.5113,76.2129,71.13,9.6
427,belmonte,59,BR,1690593720,81,-15.8631,-38.8828,71.69,3.22
428,ambodifotatra,0,MG,1690593720,61,-16.9833,49.85,73.42,13.76
429,nizhnesortymskiy,23,RU,1690593721,85,62.4397,71.7603,63.1,8.41
430,la'ie,0,US,1690593721,64,21.6477,-157.9253,87.76,7.0
431,santana,20,BR,1690593637,100,-0.0583,-51.1817,78.98,3.44
432,saint-joseph,16,RE,1690593721,68,-21.3667,55.6167,62.98,7.56
433,vila velha,100,PT,1690593721,100,42.0304,-8.1588,60.69,4.29
434,rumphi,0,MW,1690593721,85,-11.0186,33.8575,56.43,3.91
435,sobeslav,100,CZ,1690593721,95,49.2599,14.7186,65.12,3.96
436,acajutla,100,SV,1690593722,92,13.5928,-89.8275,79.09,2.48
437,praia da vitoria,20,CV,1690593722,69,14.9215,-23.5087,79.34,18.41
438,hajin,0,SY,1690593722,27,34.6927,40.827,88.59,15.95
439,sena madureira,100,TH,1690593722,70,14.327,100.4043,86.94,11.05
440,manga,100,BF,1690593723,88,11.6636,-1.0731,74.52,6.29
441,sagaing,40,MM,1690593724,83,21.8787,95.9797,82.58,6.91
442,quelimane,0,MZ,1690593724,88,-17.8786,36.8883,66.15,0.0
443,surgut,0,RU,1690593724,93,61.25,73.4167,64.58,4.47
444,barcelos,100,PT,1690593650,99,41.5388,-8.6151,70.92,3.42
445,celle,100,DE,1690593724,96,52.6226,10.0805,66.11,2.3
446,ilha de mocambique,61,PT,1690593724,93,39.91,-8.7653,67.35,1.5
447,graaff-reinet,32,ZA,1690593725,48,-32.2522,24.5308,54.91,4.21
448,sretensk,18,RU,1690593725,57,52.2453,117.7093,74.23,4.59
449,chibougamau,100,CA,1690593725,76,49.9168,-74.3659,53.22,10.36
450,holualoa,75,US,1690593725,76,19.6228,-155.9522,80.44,8.05
451,tirebolu,33,TR,1690593725,75,41.0069,38.8139,67.48,6.2
452,tofol,75,FM,1690593725,74,5.3248,163.0078,89.38,3.44
453,troitsko-pechorsk,19,RU,1690593725,89,62.7084,56.1964,58.87,2.13
454,grand rapids,14,US,1690593726,8,38.8755,-109.5012,99.59,7.81
455,paranaiba,100,BR,1690593726,35,-19.6772,-51.1908,76.24,5.06
456,kerikeri,95,NZ,1690593726,68,-35.2268,173.9474,61.92,1.99
457,hilo,40,US,1690593726,72,19.7297,-155.09,86.29,10.36
458,leninskoye,0,KZ,1690593726,30,41.7589,69.3864,77.92,2.73
459,dhuusamarreeb,1,SO,1690593727,74,5.535,46.3861,73.31,18.54
460,pemangkat,100,ID,1690593727,74,1.1667,108.9667,80.13,12.26
461,knoxville,0,US,1690592946,75,35.9606,-83.9207,87.75,9.22
462,kilju,100,KP,1690593727,56,40.9642,129.3278,87.93,3.67
463,bir hadaj,100,IN,1690593727,92,22.0518,76.5409,75.29,10.49
464,fort-shevchenko,82,KZ,1690593728,79,44.5086,50.263,78.62,10.98
465,pangody,100,RU,1690593728,88,65.85,74.4859,64.85,6.06
466,machakos,88,KE,1690593728,91,-1.5167,37.2667,58.95,0.81
467,carbonear,20,CA,1690593728,90,47.7332,-53.2148,64.24,2.15
468,westport,0,US,1690593485,82,41.1415,-73.3579,83.01,8.05
469,miri,20,MY,1690593728,89,4.4148,114.0089,84.34,3.44
470,kununurra,100,AU,1690593728,41,-15.7667,128.7333,80.58,8.05
471,noshiro,0,JP,1690593729,67,40.2039,140.0242,86.83,5.91
472,mumford,100,GH,1690593729,92,5.2618,-0.759,75.52,9.98
473,altenholz,100,DE,1690593729,94,54.4,10.1333,60.82,3.44
474,chegdomyn,100,RU,1690593729,56,51.1167,133.0167,77.81,2.91
475,saudarkrokur,93,IS,1690593730,88,65.7461,-19.6394,47.5,4.38
476,ornskoldsvik,100,SE,1690593730,94,63.2909,18.7153,58.15,8.05
477,nizhniy odes,7,RU,1690593730,84,45.3926,39.2364,66.97,13.65
478,mejit,100,MH,1690593730,79,10.2753,170.8646,83.23,20.78
479,argo,0,GR,1690593730,65,37.6333,22.7333,75.78,3.06
480,harper,100,LR,1690593731,86,4.375,-7.7169,76.62,12.08
481,kavaratti,30,IN,1690593731,76,10.5669,72.642,82.53,15.05
482,tuburan,100,PH,1690593731,84,6.6439,122.2736,86.09,9.84
483,arvayheer,0,MN,1690593731,40,46.2639,102.775,70.72,1.43
484,esikhaleni,100,ZA,1690593731,67,-28.871,31.8996,65.19,11.56
485,northam,35,GB,1690593731,92,51.0333,-4.2167,61.66,12.8
486,mirnyy,100,RU,1690593731,49,62.5353,113.9611,71.24,11.01
487,forster,16,AU,1690593732,46,-32.1667,152.5167,72.37,2.39
488,okhotsk,100,RU,1690593733,93,59.3833,143.3,56.7,9.62
489,fale old settlement,81,NO,1690593733,91,62.6287,8.8645,57.52,1.34
490,pailon,10,BO,1690593733,63,-17.65,-62.75,70.7,8.68
491,dalandzadgad,70,MN,1690593734,23,43.5708,104.425,84.6,10.4
492,victorica,100,AR,1690593734,48,-36.2151,-65.4359,55.17,19.86
493,tralee,22,IE,1690593734,91,52.2704,-9.7026,54.41,11.3
494,ataq,68,YE,1690593734,57,14.5377,46.8319,77.18,8.48
495,selfoss,65,IS,1690593734,84,63.9331,-20.9971,50.04,4.14
496,puning,93,CN,1690593734,76,23.3107,116.1687,86.43,5.84
497,alaghsas,35,NE,1690593735,30,17.0187,8.0168,92.7,2.68
498,sabha,12,LY,1690593735,28,27.0377,14.4283,84.45,11.39
499,puerto armuelles,0,ES,1690593718,73,36.5939,-6.233,70.61,2.3
500,lillehammer,20,NO,1690593735,91,61.1146,10.4674,51.17,3.02
501,sao jose da coroa grande,100,IN,1690593663,89,20.5113,76.2129,71.13,9.6
502,konarka,100,IN,1690593735,81,19.9,86.1167,82.8,7.85
503,yinchuan,45,CN,1690593736,57,38.4681,106.2731,75.88,7.52
504,siracusa,3,IT,1690593704,67,37.0881,15.2792,78.39,2.59
505,suva,75,FJ,1690593479,57,-18.1416,178.4415,74.68,5.75
506,balqash,0,KZ,1690593736,43,46.8481,74.995,72.19,4.47
507,pishin,0,PK,1690593736,53,30.5803,66.9961,77.2,2.37
508,mandalgovi,0,MN,1690593736,37,45.7625,106.2708,77.23,11.59
509,debesy,86,RU,1690593736,79,57.6529,53.8049,63.16,4.99
510,gulf shores,75,MG,1690593736,77,-21.4315,47.117,54.84,5.3
511,biga,0,TR,1690593737,73,40.2281,27.2422,67.05,2.44
512,natal,20,BR,1690593737,94,-5.795,-35.2094,74.05,5.75
513,geneseo,100,US,1690593737,78,42.7959,-77.8169,80.02,5.64
514,nelson bay,94,NZ,1690593737,72,-41.2833,173.2833,52.29,2.17
515,jiangzi,84,CN,1690593737,64,28.95,89.6333,49.59,4.29
516,trairi,5,BR,1690593438,83,-3.2778,-39.2689,78.46,10.45
517,bac lieu,71,RS,1690593737,66,45.3919,19.2367,62.6,3.49
518,narasannapeta,100,IN,1690593737,80,18.4167,84.05,82.76,8.48
519,mahasamund,100,IN,1690593738,92,21.1,82.1,79.07,11.7
520,oboyan',100,RU,1690593738,92,51.2098,36.2792,59.74,16.08
521,korla,100,CN,1690593738,25,41.7597,86.1469,85.48,10.38
522,santyoku,2,KR,1690593738,65,37.4406,129.1708,85.71,4.27
523,lobujya,91,NP,1690593738,87,27.95,86.8167,39.52,1.52
524,happy valley-goose bay,0,US,1690593738,59,35.1654,-91.6443,89.26,4.61
525,xianning,100,CN,1690593522,97,29.8833,114.2167,76.77,3.74
526,zeya,61,RU,1690593739,63,53.75,127.2667,74.23,4.7
527,privolzhsk,100,RU,1690593739,99,57.3808,41.2886,62.67,6.24
528,ancud,100,CL,1690593453,96,-41.8697,-73.8203,53.2,25.19
529,xiazhen,100,CN,1690593739,91,34.8022,117.1117,77.68,18.28
530,holmsund,75,SE,1690593739,87,63.706,20.3641,57.15,5.99
531,maun,0,BW,1690593739,44,-19.9833,23.4167,58.96,8.05
532,ixtapa,100,MX,1690593446,83,20.7,-105.2,80.22,4.61
533,puerto palomas,0,ES,1690593651,73,36.5939,-6.233,70.61,2.3
534,dobroye,100,RU,1690593740,96,52.8678,39.8109,66.76,6.91
535,kourou,100,GF,1690593740,90,5.1552,-52.6478,78.85,8.28
536,zapala,72,AR,1690593619,47,-38.8992,-70.0544,49.26,6.96
537,urengoy,100,RU,1690593740,86,65.9667,78.3667,65.16,3.36
538,mahanje,0,TZ,1690593741,91,-9.9333,35.3333,54.88,2.95
539,fortuna,0,US,1690593741,72,40.5982,-124.1573,69.93,10.36
540,tromso,75,NO,1690593741,87,69.6496,18.957,50.38,6.91
541,trenggalek,100,ID,1690593741,77,-8.05,111.7167,74.14,5.97
542,mahalapye,100,BW,1690593741,37,-23.1041,26.8142,61.25,11.43
543,bhisho,10,ZA,1690593741,65,-32.8472,27.4422,56.43,5.17
544,mgandu,7,TZ,1690593742,79,-5.95,34.1333,57.34,6.98
545,papao,14,PF,1690593742,84,-17.75,-149.55,74.88,20.96
546,devonport,99,AU,1690593742,96,-41.1667,146.35,56.52,1.01
547,toga village,0,ES,1690593742,86,40.05,-0.3667,73.22,2.64
548,kirillov,100,RU,1690593742,98,59.863,38.3813,52.43,3.56
549,opuwo,95,NA,1690593742,50,-18.0607,13.84,53.53,6.96
550,manta,75,EC,1690593569,73,-0.95,-80.7333,78.58,13.0
551,vicuna,89,CL,1690593742,29,-30.0319,-70.7081,47.93,1.34
552,ginir,91,ET,1690593743,83,7.1333,40.7,57.74,7.11
553,kenai,100,US,1690593743,97,60.5544,-151.2583,58.08,5.75
554,salamanca,0,ES,1690593743,90,40.8333,-6.0,64.18,4.0
555,grand falls-windsor,14,US,1690593726,8,38.8755,-109.5012,99.59,7.81
556,airuk,71,MH,1690593743,76,7.2772,168.8203,83.64,12.88
557,piti village,100,SL,1690593743,100,8.6953,-11.7017,72.55,1.59
558,talcahuano,100,CL,1690593714,100,-36.7167,-73.1167,51.48,4.61
559,tabas,50,IR,1690593743,21,33.5959,56.9244,90.19,2.06
560,santa elena de uairen,100,PH,1690593744,78,17.486,120.4348,83.01,4.92
561,peace river,100,UA,1690593744,91,48.3083,38.0721,60.13,17.22
562,jumla,97,NP,1690593744,96,29.2747,82.1838,63.23,1.54
563,san pedro pochutla,100,ML,1690593744,68,13.3034,-4.8956,81.79,7.29
564,tvoroyri,100,FO,1690593744,98,61.5556,-6.8111,52.38,18.07
