,City,Near Latitude,Near Longitude
0,polyarnyy,70.48561185735764,34.464814898470024
1,haapsalu,59.006620648660544,23.41462942889291
2,west island,-24.686958539014014,100.05644990902323
3,ribeira grande,46.23285972401709,-34.801368369045605
4,fada,18.429530182442917,20.806118806584863
5,jamestown,-24.274705795173517,-2.8699428641517954
6,talnakh,82.37969601324016,100.08722687191937
7,isafjordur,75.56348664761282,-26.342164498928554
8,mlalo,-4.7886727234954805,38.74289865297527
9,nar'yan-mar,86.51457168926936,47.63112426289945
10,adamstown,-68.40166597728653,-124.08960609650121
11,callao,-24.740938650909612,-98.8963477312811
12,nadi,-22.547514644911388,175.90244247931656
13,edinburgh of the seven seas,-26.413032469812336,-16.436790931020028
14,dryden,52.945416316276976,-93.08845991004586
15,kodiak,52.00001640038107,-158.87737320472849
16,papatowai,-56.156730587054554,170.5293955244366
17,klyuchi,54.04723281891819,163.4957074845018
18,dunedin,-50.725569570532876,173.675541703546
19,albany,-70.35854696083024,121.24998178765105
20,antonio enes,-17.641071786712942,39.252761719181734
21,vallenar,-26.58843366630657,-77.22878826038016
22,port-aux-francais,-68.58066793095578,70.96984551745518
23,tiksi,84.23314477565049,119.3391074719978
24,uturoa,-7.658950285189903,-155.44625325527488
25,puerto natales,-64.6600327384323,-103.2963663690744
26,grytviken,-71.05038613364778,-44.863477808106296
27,jayapura,0.6306500921443643,140.58891594529535
28,okap,20.128334301240074,-72.05574979571466
29,bethel,70.82767149100133,-166.79730920543201
30,mlangali,-9.44894553302558,34.36627447633418
31,yellowknife,77.24868043516432,-103.7932441715108
32,kaindy,43.173705859874985,73.5797929663517
33,puerto baquerizo moreno,-1.2299663174894704,-87.25315485471188
34,jalai nur,49.381121973032606,117.85120116119748
35,whakatane,-32.72622038420735,179.69787791860068
36,kralendijk,14.939731202457907,-67.392647310922
37,blackmans bay,-73.25061894791875,127.26085860565115
38,chertkovo,49.27109984963144,40.21402913019767
39,nova vicosa,-23.600317808731887,-27.613281978561133
40,shache,40.11570598420204,77.74754951497596
41,udachny,72.72566217517081,112.17270914954344
42,saipan,15.480377191514037,151.05163960180585
43,hawaiian paradise park,19.267770311972498,-138.1848524262679
44,port elizabeth,-71.33843352077685,34.597685810688205
45,dalandzadgad,44.804199342292435,104.50014170073138
46,'ohonua,-30.324436172214604,-179.73351451250733
47,longyearbyen,81.81763013928295,9.323361130208752
48,colonia,15.78336844965466,137.1647012236
49,prado,-17.988680102982883,-36.77806827388423
50,waitangi,-46.05242367486349,-178.09948092963467
51,hazro,38.18039729066393,40.86097828466234
52,miyaly,49.67833817499073,54.878424486514945
53,kamina,-9.26402694312057,24.422968341400264
54,port lincoln,-30.566544848956795,131.6580654326392
55,iqaluit,70.25213905409862,-80.81258305702681
56,bandarbeyla,7.730231882286958,53.092298072863485
57,kirensk,58.00024712894714,109.66434712308666
58,daru,-12.517340996538493,140.09194239007036
59,new norfolk,-48.67886097359707,141.86588607043018
60,kargopol',62.52393455321078,38.10304893903458
61,bredasdorp,-43.210730839161435,20.69494415322592
62,axim,3.0691421373318803,-3.149582880570904
63,xunchang,28.504219452624284,104.48496477350216
64,galle,3.8272741383192397,77.77455658999224
65,guajara mirim,-10.052646288221666,-65.28962526756439
66,hithadhoo,-6.400275611466313,70.3399670918914
67,avarua,-23.668648068009233,-155.3037379947699
68,gurupi,-11.37211055790739,-47.92461042590938
69,margaret river,-34.448324603924036,109.80003342254992
70,anadyr,70.16990978021238,174.91582886066647
71,kapuskasing,61.41446098587062,-80.76821170002925
72,kitimat,53.60028661321118,-128.78639325453133
73,horodnya,51.818044626392805,31.404291104165196
74,hamilton,30.3154427378079,-62.8882076135358
75,bubaque,4.117098781343358,-23.11580423041849
76,nuuk,60.08119800728184,-50.84512807536808
77,zayed city,23.851288744289732,53.36558440904241
78,el grao,39.78601475912191,0.15969236862198954
79,levuka,-24.685529261529695,179.75818261757985
80,mingoyo,-10.198896696305795,39.752838252258385
81,okhotsk,60.07318525606331,139.51867024356267
82,sitka,52.264877769812614,-141.58152638044464
83,general pico,-35.78436792561173,-63.973940014984095
84,xiahu,26.022840202705197,120.79222670814664
85,holualoa,12.123113984801208,-158.16249634942386
86,port augusta,-29.59957635771068,133.6859481625258
87,stanley,-80.13693270420823,-52.7298992005792
88,banda aceh,4.593510946505944,89.65092932630205
89,derazhnya,49.20441416564748,27.34087645675811
90,qamdo,30.913189565820574,94.99313084004302
91,utrik,26.043542088984097,168.62733289763258
92,guiren,33.31036184653888,118.42511594741546
93,lucas,-16.160205529925207,-55.5627129388528
94,constitucion,-33.91892955464546,-75.6081458551279
95,tayu,-5.76314564574497,111.00702957778282
96,iskateley,85.14654217588233,57.3086848326586
97,haimen,22.134584036070493,117.69387837754829
98,tocoa,15.700581912631293,-85.5553360939321
99,vigan,17.88101734548988,118.94762693618861
100,ushuaia,-87.32138759086551,-70.44074309349134
101,bafra,42.80822925303312,36.72057905000011
102,embi,49.214758839513166,59.262674119260396
103,taiohae,5.787812114359227,-123.80151109029146
104,east london,-54.429873698653644,41.923569515225836
105,mount pearl,36.462704563219575,-46.21440167647205
106,kataragama,4.125185371131195,84.3474438041759
107,nemuro,43.1131891065713,145.95089513825434
108,carnarvon,-19.79928602343861,109.18536515086907
109,qaqortoq,65.28965688210067,-41.32674938849746
110,college,70.79695568064662,-148.86789952695685
111,puerto san carlos,15.173194755506842,-121.66296047049252
112,afaahiti,-25.274171052641904,-143.38795648672405
113,gereida,10.469617483669495,24.72329485629794
114,faya-largeau,16.958969807782566,18.480141376276862
115,bayganin,47.66930039232301,55.90788289227953
116,shevchenko,43.44170906158948,50.193137390053664
117,la passe,-4.39886578120354,62.38555190550932
118,mhamid,28.27017216439407,-6.16410813786851
119,mohr,26.954162617473145,52.955341857088285
120,tolanaro,-37.86208757317349,52.14975594955499
121,bilibino,86.56532074443041,152.680171943936
122,nukunonu,-8.015254589843039,-171.33015518143173
123,kashin,57.30144344194724,37.406656203262145
124,sinabang,2.864820697406131,94.3565735285519
125,alice springs,-28.706659956457713,127.16286145034525
126,wailua homesteads,40.17629767220856,-165.90670090779165
127,susuman,73.33949613986886,154.4957003760266
128,geraldton,-28.90781254274927,113.12460833074687
129,vadso,87.06448021435392,32.65512322108472
130,panama city beach,30.195685553333547,-86.03136169738701
131,makubetsu,45.722949210635875,142.02358981299415
132,eyl,6.619002916822382,52.96529145660534
133,invercargill,-54.46512892240827,167.3481886545503
134,darende,38.61204983059301,37.51761852757474
135,hermanus,-50.327871548138745,14.7920192898533
136,punta arenas,-71.11054919539583,-88.07672570090611
137,olonkinbyen,89.11508303783742,-20.899594171169326
138,kangding,29.93116323642836,102.39728336747817
139,hami,40.81458753360377,93.93082166084122
140,rio grande,-53.63413683473599,-63.69215277864488
141,pisco,-25.0383129437149,-93.40834745419045
142,manismata,-2.385166724214997,110.54165978945593
143,gadzhiyevo,84.63251046537911,36.841208056215976
144,tura,69.67134889323674,103.02846580741374
145,port alfred,-45.72682215290679,32.13955781890934
146,lukolela,-1.3799680289875766,17.43498732749424
147,bayji,35.088127530780454,42.617026808576526
148,laguna,-32.30445120847804,-43.487213602517556
149,mili,6.404583742818076,175.7474279304243
150,nouadhibou,18.88822645444378,-18.304958905203677
151,ystalyfera,52.080107202513176,-3.6989468874953673
152,selfoss,53.75982197212198,-20.80899876171577
153,necochea,-44.527710930252205,-56.797703120947816
154,praia da vitoria,43.02491676800406,-28.28261578284733
155,al jawf,25.069788487407166,26.246712228506624
156,coahuayana de hidalgo,4.928453069869846,-111.00903252250627
157,las lajitas,-24.65073045798475,-64.08844085613048
158,chania,36.05448832040986,24.211984117291593
159,devinuwara,0.9262875337560388,79.60217646191643
160,mejit,10.49723554165135,172.26353924091757
161,ujae,8.679554706143662,165.3660489130943
162,al ghayzah,17.48396277050169,52.577989117061975
163,port-vila,-16.357331995770295,169.56135466258604
164,berbera,10.74898604817308,45.110727766842274
165,ilulissat,76.03841594908079,-40.2935087073391
166,lebu,-32.76601401380623,-81.74313770851498
167,santa ana,-12.59666990260294,-72.65291666659277
168,lata,-12.982465306057506,163.7336034629742
169,pacasmayo,-13.560155783442909,-89.40599803450078
170,minas de marcona,-20.537960872730977,-81.61895448022263
171,mil'kovo,55.22379655945667,156.3853597233184
172,calvi,43.05472658818681,9.019390475516644
173,fuvahmulah,-2.597840781230829,80.92878151835225
174,neya,58.49317919652583,43.47126928551654
175,papao,-29.033499000185444,-150.0062341561718
176,kingston,-32.01317759185869,164.85305361876595
177,amos,50.00004473539957,-77.54314085026786
178,eldorado,23.636109108966764,-107.927248053639
179,puerto ayora,-4.015000750754282,-103.51929026696774
180,howrah,-46.25618688973064,155.72138289121784
181,haiku-pauwela,33.735757823835385,-146.21844384187725
182,castillos,-37.993183176054565,-49.066464192307876
183,nova sintra,11.167109398188046,-36.59844933431182
184,thompson,78.94418126371383,-96.92653619765133
185,sabac,44.58972239775892,19.62676354306481
186,yarega,63.050883778152496,53.58612618687911
187,alicante,10.94818494925687,123.02245332639711
188,kailua-kona,11.166247747432521,-160.8719754614748
189,warmbad,-28.69874703895605,19.66495321887149
190,yeed,6.071662313773928,42.216450040973484
191,constantia,-55.14114458093597,6.218497963423658
192,port mathurin,-27.602029901093033,65.91235605360555
193,camilla,31.334870529305363,-84.1327813611786
194,whitehorse,83.88635531864813,-128.47614623225462
195,soe,-11.851521081288965,125.9701618453409
196,sur,18.79572715266923,63.413105767073176
197,mahdia,5.369122643525344,-59.38678333154898
198,mahibadhoo,4.831281541793288,65.73652416239153
199,civitavecchia,41.72429602214035,11.247335751404222
200,lompoc,32.04362730072788,-121.56900287027044
201,sinop,-11.777751592636449,-56.871050709523615
202,suva,-25.411567112053547,179.44415408910402
203,vernon,50.09408214234645,-129.1227141772975
204,yuzhno-kurilsk,45.57231095582125,146.76435474265168
205,shimoda,25.816919623717382,142.2209555579957
206,escanaba,45.81454077912656,-87.36453263470298
207,adrar,27.826959513680606,-0.26915109085723543
208,touros,-1.5630099655945031,-29.166272989411027
209,howard springs,-12.349841999411026,135.83634756013726
210,waris aliganj,25.07639912710121,85.59374187027294
211,tromso,72.46857312006449,20.429826960386578
212,broome,-18.027021232499408,124.30824493774475
213,bamboo flat,12.575329456195007,93.28849833522645
214,vorgashor,89.03816169933552,62.2095171021019
215,ust-nera,70.66803688002909,144.93488754988374
216,aioun,16.10868218505132,-8.862747697972907
217,queenstown,-41.07151128718895,165.30890665464875
218,shorewood,44.93148525623735,-93.6047149924968
219,kristiansund,68.46718992529745,6.636095448382974
220,arkhangel'sk,73.3777840555455,41.731096687207554
221,ugoofaaru,6.274450380335324,64.85303087131112
222,flin flon,58.63073007626599,-102.58763022617318
223,gizo,-10.482829880591964,156.33821985963158
224,chonchi,-47.61615103680981,-93.45363266730746
225,luderitz,-25.783362221963344,9.505723351196451
226,irymple,-34.85032218635567,142.13371362832754
227,atafu village,2.452668098967962,-174.40408953912527
228,san juan de miraflores,-3.3485580799257235,-74.13256531131792
229,espargos,18.547966026897612,-23.449847149911648
230,pitimbu,-7.256350316818043,-31.624131694331908
231,porto novo,15.30335342516615,-35.97302275694875
232,ndofane,13.98273336561941,-16.049201536762467
233,muzayri',23.291439469026514,53.11610497425082
234,georgetown,-1.339352762009696,-20.45214653350709
235,sao joao da barra,-24.09542195013981,-37.27441697886249
236,cill airne,50.57990766073084,-11.088157454629538
237,merizo village,10.459488582667376,143.33587008532936
238,choix,27.069992693242625,-107.86804175723518
239,talakan,51.22305597379079,130.0395643800942
240,portland,-40.84239339843557,139.71760922536424
241,el granada,30.216555723254046,-133.25446057945754
242,cody,44.58425345150869,-109.8215611439045
243,halabjah,35.23252993423573,46.12405330556129
244,mount gambier,-45.67804164590121,135.3261167071742
245,port glaud,-4.9728971212294795,54.20298828620969
246,mugia,47.31937579150329,-14.72656452998055
247,takamaka,-7.1543738962991625,54.764175455664855
248,naze,28.0454795952123,129.4089934064852
249,buka,0.2669219793079378,157.56473149828997
250,kiunga,-5.209718868533116,139.839239124745
251,mikhaylov,54.28466813662004,39.04920460706694
252,songea,-11.619635988246387,36.55641286092799
253,chinchilla,-26.182822707575603,150.08241169729314
254,kuala terengganu,7.0411791112579465,104.30694658965564
255,coquimbo,-30.18026367132878,-72.8924160203883
256,masterton,-45.170086883826905,178.0839328027394
257,maragogi,-9.391037463308223,-34.97388454326111
258,puerto aysen,-47.50033446299385,-77.12050480842386
259,valparaiso,-30.882348613392672,-78.31128106917754
260,fuling,29.064285110326907,107.73866264714064
261,newman,-22.84269648128921,117.57842766182893
262,itoman,21.579684459015127,131.81142306850427
263,benalla,-36.55045413449818,145.83119884608578
264,dzhalagash,42.98343762079003,63.769871803637784
265,torre de moncorvo,41.28593633389525,-6.856742596258471
266,horodok,49.573255259262766,23.64716456591742
267,sydney,45.476083674172855,-59.96493208403079
268,ar ruways,22.684362925224377,50.910126594943875
269,zhangjiakou shi xuanhua qu,40.05371746459738,114.93905485815424
270,nizhneangarsk,56.423909419344284,110.4887819007622
271,steamboat springs,40.36963503392175,-107.07694478493397
272,vizinga,60.53421384660464,50.32017694380488
273,kampar,4.264487193000903,100.94718643673167
274,atamyrat,37.694311540787126,65.38657250060655
275,salanso,11.988374498802486,-4.139521838227893
276,akureyri,70.19317567417067,-15.909316182116669
277,pindushi,63.00961457398438,35.04695751813057
278,tazovsky,75.41368496867733,77.1077688367742
279,gostyn,51.796578297914465,17.04629824745848
280,ambatofinandrahana,-20.51925026618251,45.90350470678024
281,brookings,41.245709818699765,-139.5458429523569
282,karratha,-21.08550266882888,116.19267047776685
283,remire-montjoly,10.983453310096493,-46.18315580281475
284,acarau,4.11253698376639,-38.9322666747845
285,pitomaca,45.90093377535675,17.13623882296676
286,narrabri,-30.341354495855818,148.15010760284207
287,saint-joseph,-29.225568634493285,54.993192143192545
288,margate,-38.884615153546925,38.48696978968931
289,magadan,57.75622187954386,147.80193897131346
290,la tuque,47.16954019813184,-73.21685042817748
291,saint croix,17.096910738742423,-65.32976370049073
292,tazacorte,28.32831724882996,-20.213789595898504
293,aasiaat,79.29322477154139,-59.98798558139184
294,yung shue wan,18.493391824434923,115.99108302931421
295,hammerfest,74.93667409395314,25.493640420499702
296,savave village,-7.795749784002112,177.66232462397772
297,general villegas,-35.500003141259164,-63.04405374507782
298,nanzhang chengguanzhen,31.731376101780256,112.0312693526065
299,barra de santo antonio,-13.590944102867667,-30.890505593913474
300,awjilah,26.601031807948857,18.836183046404614
301,salalah,14.9208606363581,56.009363670582616
302,cargados carajos,-10.467469617002692,67.69607706967733
303,posto fiscal rolim de moura,-13.087339244806131,-63.20257474464434
304,tsiombe,-43.13798921068413,45.62956466593832
305,al qadarif,14.761789774637691,35.62741176491022
306,martapura,-4.386629947804252,114.8058047927866
307,labrador city,57.123241349261974,-65.66461310716596
308,zakynthos,36.10129582968048,19.10261854458986
309,yaval,21.160346373021525,75.617686133187
310,tionk essil,12.590791027048027,-17.150043482900315
311,petropavlovsk-kamchatsky,46.613123022812516,171.33123889450064
312,sant antoni de portmany,39.340716019285594,0.9477750936417522
313,keflavik,59.07419673142775,-23.550464808748586
314,fannuj,27.017076532287618,59.8905586813718
315,sekong,15.132049410804939,106.63065893778895
316,vilyuysk,66.13873057792182,124.5223640671565
317,fort mcmurray,60.00541202269255,-109.40430924637366
318,bestobe,52.65356030274609,74.0197200057629
319,pangody,66.55454381829605,74.692387551894
320,taoudenni,25.19219972849983,-5.51575053187193
321,big bend,-26.955764398768892,32.28867732928211
322,qa'en,33.864438060729114,58.74349841305161
323,sault ste. marie,46.190385739673275,-83.96556213963443
324,marsabit,1.6385057457634815,37.735520448915054
325,pemangkat,4.904147196617302,107.71851887239512
326,bambanglipuro,-11.320871142718843,109.59109079730842
327,jiangyou,33.0664041242203,103.12590208782132
328,wajir,0.7985226363487499,40.28022901400138
329,isangel,-21.94202854611693,172.22351293437129
330,lihue,14.754489776140275,-168.78375440287394
331,boa vista,2.4300929430221174,-60.24782623712605
332,aldama,23.375632175398508,-96.6251797414028
333,gebeit,20.493232393992415,34.22268050800815
334,sabang,7.735635295427315,95.01005096425592
335,contamana,-7.760809142547998,-75.3957977140692
336,vereshchagino,58.48263699351182,54.55387356435875
337,bayt lahya,31.638137458120553,34.42928647633863
338,tadjourah,11.743902171291964,42.71393369654234
339,tambopata,-12.783197039992231,-69.22349829032414
340,puerto ayacucho,5.062062748943845,-65.78780617001615
341,zambezi,-13.672169149222867,23.31551737994471
342,mariehamn,60.134980214095464,20.039215362698144
343,bonthe,4.974710387865727,-15.30171696897807
344,arar,31.365396175627268,40.98724826305448
345,lazaro cardenas,19.456087098507112,-129.0690244252059
346,saimbeyli,37.859944779198315,36.1523417309719
347,campina verde,-19.588691832257993,-49.42382448607856
348,yangjiang,21.293094986326338,111.80554608561914
349,tari,-5.129191805960659,142.14152563832903
350,antofagasta,-22.327349061979746,-74.69367713494049
351,freetown,2.9259546570718697,-21.09390936997582
352,novodvinsk,69.14855481385763,43.30707112373756
353,rexburg,44.568761708264304,-112.53730703642157
354,lodwar,3.380264745328759,36.520609988995545
355,bodo,72.41069573379636,10.211208394013397
356,achit,56.94690155461086,57.85125769558664
357,sofifi,0.13040262504212308,128.55158042686713
358,nadym,69.73992615287742,72.20277869722088
359,saint-marcellin,45.25885972681752,5.351482237294334
360,lerwick,64.51814263148455,-2.116576455665154
361,mana,10.292016969021603,-52.37813423576543
362,saint-philippe,-34.07965515400101,58.20187941036309
363,hansot,21.571919167369288,72.56950983216771
364,badger,87.23298776853912,-138.16490376613956
365,tindouf,28.93138874222663,-7.164632317489691
366,codrington,22.98547048508408,-48.19450608490703
367,mochudi,-24.37317211979716,26.55413021496051
368,boguchany,57.8500833999891,97.99784556303928
369,kavalerovo,44.209681240538174,134.85035967092324
370,enewetak,19.902787827744874,158.06583002515015
371,essaouira,33.24870663431078,-11.852237360646853
372,nueva loja,-0.16107058942523622,-76.91295823739442
373,waingapu,-12.503481729276942,118.5985334956797
374,vingt cinq,-10.407702075718475,53.65921991591716
375,paita,-5.8929222864601485,-82.22849870149342
376,quang ngai,15.232148956298118,109.02682028631432
377,synel'nykove,48.1121080730974,35.48060633078475
378,onega,64.78151249799026,37.359225267543565
379,sorong,-2.7879817996883816,131.9184667399208
380,popondetta,-9.62180822153735,148.32578184314485
381,koppa,13.297857011072807,75.29466185507454
382,galesong,-5.316863312151682,118.31675536487722
383,kirkland lake,48.59704856358539,-80.39073997678548
384,ancud,-41.33897372162914,-91.09756967447458
385,puerto cabezas,13.580768520643616,-82.61077386482893
386,alenquer,-1.7694705454003383,-55.050222332432554
387,cadale,1.085215012677594,47.36129555763824
388,saint-pierre,36.48991115950439,-52.45333257545684
389,dire dawa,10.348214666670884,41.533453735739045
390,jaciara,-15.740210442365196,-55.359980906617736
391,nizhneudinsk,53.627363411835574,98.27521398349484
392,sao jose da coroa grande,-12.942527698898488,-27.54144586139833
393,lieksa,63.553251214415525,29.722454036298075
394,pakxan,18.68427321344295,104.00024533494815
395,hassi messaoud,29.74019514435726,7.057348923576143
396,weiser,44.64170208587697,-116.2858546010184
397,egersund,56.57085086725735,4.742289993235232
398,rice lake,45.43677006530271,-91.93667431906393
399,fale old settlement,-5.512026981207967,-167.52840067472135
400,wynyard,-43.392397909499245,141.8719685563034
401,undurkhaan,48.517387419439046,109.94845244248012
402,steyr,47.95903513726219,14.381752945315782
403,aral,38.84623869706488,81.24375266415109
404,hpa-an,17.70059545515545,97.95803207397375
405,mount isa,-20.13434095924198,139.9650874682995
406,parsabad,39.32434678306245,47.78406984636604
407,akbarabad,28.964534643645663,52.9790763158374
408,crete,40.30555599424898,-97.42957271320633
409,labytnangi,69.42955648541948,67.96214554503518
410,vilyuchinsk,32.76568622404227,165.75384607546545
411,ulsteinvik,69.28747766612798,0.604972587202468
412,dudinka,78.54807375680713,80.09384815693045
413,antsiranana,-10.728777890875293,48.27544233856764
414,concepcion del uruguay,-32.72609045048513,-58.25972049978233
415,esmeraldas,3.148330995066928,-81.18194976260929
416,st. john's,39.755001288735656,-46.63841116794379
417,la junta,38.30650987027411,-103.63830543780351
418,hilo,30.004824844620742,-144.42937039572922
419,palangkaraya,-1.791617792059725,114.19613742602468
420,pochinok,54.57225342562401,32.48598526345202
421,flying fish cove,-19.326328338657618,106.23303429568881
422,skipton,53.933340940986824,-2.0856815841742957
423,chinde,-20.349815588514716,38.19799356388805
424,amarpur,23.30439226325575,91.76289926897482
425,la palma,7.843642141102137,-78.13920665998715
426,new holland,40.14641168535695,-76.0684126373722
427,pacific grove,26.81324260038396,-133.69405653082194
428,kruisfontein,-56.71418008762657,25.06831577714658
429,ciudad lazaro cardenas,8.22793079317374,-107.30801234936497
430,aykhal,70.64702928725629,108.37663889301405
431,kodok,9.851612431183028,31.948808064756747
432,butembo,-0.22403254552983753,27.722531948490428
433,muroto-misakicho,29.073028068841666,135.87014511170707
434,mar del plata,-42.72795298383036,-51.60854713667342
435,karangampel,-6.230354071171973,108.59202320403068
436,debesy,57.66509490385772,54.14565571046501
437,cannonvale,-18.890023545825855,150.72956976729648
438,kangasniemi,61.909065128556165,26.490222044222577
439,palmer,55.46149701619339,-144.03897872298788
440,taulaga,-10.339166331388213,-170.5048825704062
441,aleg,18.36109369667436,-13.46608952716602
442,bac lieu,8.064300540844698,107.56250065508709
443,saiha,22.45960702721065,93.29005324587757
444,kismayo,-4.667121934900877,46.89342394172121
445,sao joao dos inhamuns,-6.210882562521505,-39.933707168987496
446,andergrove,-18.77677721710606,152.57158113490078
447,ta`u,-15.021693420649171,-163.61650607070044
448,tahe,51.30241767416362,124.88124722039703
449,kenai,67.44891333699127,-155.87065924628104
450,mezdra,43.119530687824465,23.73698042115913
451,kodinsk,59.53893776155991,100.10971157620173
452,ouarzazat,30.784829089018857,-7.091736211770865
453,sonsorol village,7.820142994149336,130.78989839348162
454,viedma,-44.16387599891032,-59.80603734191203
455,saint-francois,16.049515344551722,-59.212659153249206
456,mushie,-3.2427151863412433,16.755779890990567
457,asau village,-5.773918279967091,179.2344981071255
458,bodaybo,57.92189308505661,113.53392742905498
459,along,29.482349310263075,93.67432218925245
460,peniche,40.90894131851306,-13.725422581893582
461,sosnovo-ozerskoye,53.363655078226344,112.03449207098237
462,rawai,7.241928278342726,97.61202984862382
463,peterhead,57.917232264222434,0.5077118313502638
464,gazojak,41.47042637620291,62.21012746140494
465,lamu,-4.134639912925735,44.41651308114197
466,vandalia,39.13117664431175,-89.01830918219797
467,lagoa,-27.8365340051296,-46.398939734641345
468,rumuruti,0.5606375209974601,36.983242796301795
469,ungureni-jianu,47.92922201538369,26.74898944370659
470,koudougou,11.950514795865388,-2.5753767547473956
471,akrehamn,57.212377161794336,3.191019531593838
472,cromwell,-43.32233391027073,169.28509364957722
473,ola,64.29406772869754,156.0903254012103
474,tyuratam,46.84627272326699,63.081156456132675
475,midland,31.35324536756987,-101.46864661792532
476,suizhou,32.06330694006235,113.35163444575232
477,kone,-22.9913922469713,161.42821274481418
478,nema,19.119819735823498,-6.854959453804071
479,ijuw,-1.9405655924457506,169.92960332312884
480,moultonborough,44.007919944302756,-71.38170426016411
481,mount horeb,42.79594681357764,-89.85370465052088
482,vega de alatorre,21.763644695155065,-93.90810275433327
483,zhanaozen,42.70649443576039,54.27799465168292
484,basco,20.04275193642627,124.13941630978502
485,altai,43.86995825485883,98.04594062308615
486,bantogon,5.555335582155564,123.41671387232009
487,vila velha,-23.992091350053997,-28.198506895305286
488,alofi,-26.079166129648783,-168.21263784495628
489,praia,11.301737900499319,-22.73598104746233
490,fonte boa,-2.3703737826673006,-65.52988330824694
491,broken hill,-30.50582506243402,143.1024053308758
492,savalou,8.002100673117866,1.4419584757227994
493,harstad,71.95735697087906,14.284246970306185
494,roccella ionica,36.77515920422432,17.74864174487817
495,brush,39.66582171350399,-102.88373745045224
496,visby,56.80760475299289,18.030322768888226
497,kerikeri,-30.101562240261124,173.2607089336592
498,fair oaks,33.9200102859873,-84.53160734647301
499,phan rang-thap cham,9.604891139074624,111.29910899072524
500,um jar al gharbiyya,13.722430071583318,32.35550664287646
501,razole,14.844085237155298,82.75015386445438
502,oltinko'l,43.723884476595146,56.92931944877708
503,mountain home,43.051568384781575,-115.62698173646845
504,mantua,23.31926523252288,-86.1153034130158
505,crane,12.888500581667401,-55.7414861665076
506,severo-yeniseyskiy,62.83590316368645,93.65206394889236
507,horta,51.91360195169071,-32.10452171424302
508,feres,41.06833942838824,26.095225878543914
509,sola,-13.874168216619964,164.6031482582532
510,timimoun,28.590256358228032,0.16924051093624826
511,lenoir,35.89054123645569,-81.5818661452628
512,san antonio de pale,-10.159711744536892,4.10071296807061
513,graneros,-27.75181502840232,-65.11171217522829
514,cahors,44.387526028316586,1.3385143213578772
515,villa alberto andres alvarado aramburo,26.976106004522194,-114.0710603252445
516,la gi,8.224279693892882,109.86934337553777
517,baker city,43.65219592527774,-118.34632693275108
518,saint-ave,47.67675337512031,-2.7039333327452937
519,hirara,21.56523315105943,126.85644636441714
520,chicxulub puerto,25.068547880213657,-89.23376944805464
521,mossel bay,-50.18518782712263,24.3849482026541
522,opuwo,-19.778030015141766,7.874082971952021
523,damongo,8.624468071786708,-1.5018251333165153
524,chibougamau,54.97211805532331,-73.41401110346648
525,assai,-23.363310047968852,-50.77881556239265
526,kavieng,1.5907176658974151,151.50778818054994
527,les avirons,-21.849170714467178,54.86475798786148
528,kidal,21.030768161772073,0.06059347759111233
529,concepcion del oro,24.007530695849212,-101.6676465215683
530,tual,-9.458477099047485,135.9325470173315
531,bilovods'k,49.146218089479845,39.34879607671306
532,shiyan,31.821682996701355,110.33541502768304
533,mata-utu,-13.111816452545796,-176.0330436916337
534,ust'-ilimsk,58.54436713343944,101.37610166017066
535,kulia village,-4.699038169411679,177.94981625941585
536,fougamou,-1.2768019229716714,10.722648312897263
537,tofol,3.455430430926299,161.81094947977982
538,tranovaho,-26.41999532140533,43.53590449001581
539,waajid,3.681886672431247,43.429330668108065
540,menongue,-14.959422211461572,19.71990642474188
541,sakakah,29.121165751897735,40.449230254461014
542,camana,-18.583417182414607,-73.63911119204754
543,tokmok,41.98401975822563,75.24248007513617
544,san pedro pochutla,7.523823584888646,-97.40338002645025
545,nikologory,56.15720097645112,41.733626440744246
546,sao vicente,34.774426068993534,-17.820036200747666
547,alaghsas,20.446756133619132,9.117946029047715
548,elliot,-30.975856902713673,28.382426779211016
549,vorkuta,86.06380272478279,71.12210454121015
550,kloulklubed,3.892691581019804,138.22558888972316
551,oualidia,34.77263928214474,-10.998390717255745
552,pavlogradka,54.205476449032005,73.99058527436196
553,ar rahad,12.571354702390636,30.507698436773836
554,plymouth,43.765550853940766,-88.17434574561776
555,tortoli,39.920646123281784,11.467108380431881
556,choibalsan,46.18879511569003,115.2519975517107
557,mumbwa,-14.815903597416309,26.34905550668006
558,bikenibeu village,0.8444985488218322,174.1852002533862
559,zaranj,31.31766450183862,61.7561531467519
560,kapa'a,24.951774580342075,-158.84094665827513
561,boundiali,9.351985088709611,-6.624795882396739
562,prineville,42.758979327265564,-119.66749233365283
563,san andros,25.26530809616051,-78.18281760909615
564,christchurch,-48.677401531254255,177.22675102400217
565,fortaleza,4.082581225633149,-33.79742809641394
566,san sebastian de la gomera,26.72460630872382,-17.764385782702817
567,ghat,25.24796386521254,9.675965477837025
568,icara,-28.885907868385594,-49.190150842129185
569,foso,5.632411938470597,-1.3347443736391824
570,fisterra,43.75559478332343,-13.796873632528985
571,belgrade,46.374946746902964,-111.33210997633171
572,pierre,43.68588797346976,-100.85306668575572
573,nangwa,-4.709777831137217,35.22028420760762
574,chebba,35.108234251075686,11.571980233701424
575,las heras,-46.377279421433016,-69.79407711744703
576,mahina,-14.505291667921739,-146.82289955842361
577,chulakkurgan,43.94392456396076,69.3966658703848
578,piacabucu,-14.047010296616634,-32.26189073832472
579,ceeldheer,0.21808332282017773,51.80319423812003
580,juneau,60.05983858358212,-130.00179559573604
581,puruaran,18.781417632903455,-101.46128036078385
582,yacuiba,-22.452333225232948,-62.86840192116466
583,pariaman,-1.1710059697977329,98.56341140823258
